{"cameraMode":{"drawMode":0,"name":"Shaded","section":"Shading Mode"},"sceneLighting":false,"audioPlay":false,"sceneViewState":{"m_AlwaysRefresh":false,"showFog":true,"showSkybox":false,"showFlares":true,"showImageEffects":true,"showParticleSystems":true,"showVisualEffectGraphs":true,"m_FxEnabled":true},"in2DMode":false,"pivot":{"x":401.71600341796877,"y":322.27655029296877,"z":91.85820007324219},"rotation":{"x":0.007799352519214153,"y":-0.004200583789497614,"z":0.00003221522274543531,"w":0.9999465346336365},"size":493.7530517578125,"orthographic":false}