{"cameraMode":{"drawMode":0,"name":"Shaded","section":"Shading Mode"},"sceneLighting":false,"audioPlay":false,"sceneViewState":{"m_AlwaysRefresh":false,"showFog":true,"showSkybox":false,"showFlares":true,"showImageEffects":true,"showParticleSystems":true,"showVisualEffectGraphs":true,"m_FxEnabled":true},"in2DMode":false,"pivot":{"x":170.9958038330078,"y":277.755126953125,"z":-43.19239044189453},"rotation":{"x":0.05577046424150467,"y":0.0017960619879886509,"z":-0.00010039076005341485,"w":0.9984407424926758},"size":315.106689453125,"orthographic":false}