{"cameraMode":{"drawMode":0,"name":"Shaded","section":"Shading Mode"},"sceneLighting":false,"audioPlay":false,"sceneViewState":{"m_AlwaysRefresh":false,"showFog":true,"showSkybox":false,"showFlares":true,"showImageEffects":true,"showParticleSystems":true,"showVisualEffectGraphs":true,"m_FxEnabled":true},"in2DMode":false,"pivot":{"x":155.77926635742188,"y":243.63536071777345,"z":856.100830078125},"rotation":{"x":0.042285509407520297,"y":0.007792029529809952,"z":-0.00033009742037393153,"w":0.9990695118904114},"size":613.8992919921875,"orthographic":false}