{"cameraMode":{"drawMode":0,"name":"Shaded","section":"Shading Mode"},"sceneLighting":false,"audioPlay":false,"sceneViewState":{"m_AlwaysRefresh":false,"showFog":true,"showSkybox":false,"showFlares":true,"showImageEffects":true,"showParticleSystems":true,"showVisualEffectGraphs":true,"m_FxEnabled":true},"in2DMode":false,"pivot":{"x":1.1454499959945679,"y":0.6817989945411682,"z":0.584321141242981},"rotation":{"x":0.06699115037918091,"y":0.9247010946273804,"z":-0.19274675846099854,"w":0.32138997316360476},"size":1.2247449159622193,"orthographic":false}