{"cameraMode":{"drawMode":0,"name":"Shaded","section":"Shading Mode"},"sceneLighting":false,"audioPlay":false,"sceneViewState":{"m_AlwaysRefresh":false,"showFog":true,"showSkybox":false,"showFlares":true,"showImageEffects":true,"showParticleSystems":true,"showVisualEffectGraphs":true,"m_FxEnabled":true},"in2DMode":false,"pivot":{"x":306.2312316894531,"y":413.7179870605469,"z":-464.56884765625},"rotation":{"x":0.08389752358198166,"y":-0.007472350262105465,"z":0.0006339302635751665,"w":0.9964310526847839},"size":127.64372253417969,"orthographic":false}