{"cameraMode":{"drawMode":0,"name":"Shaded","section":"Shading Mode"},"sceneLighting":false,"audioPlay":false,"sceneViewState":{"m_AlwaysRefresh":false,"showFog":true,"showSkybox":false,"showFlares":true,"showImageEffects":true,"showParticleSystems":true,"showVisualEffectGraphs":true,"m_FxEnabled":true},"in2DMode":false,"pivot":{"x":0.3469488024711609,"y":3.869429111480713,"z":-0.09030923992395401},"rotation":{"x":0.00043448436190374196,"y":0.9833648800849915,"z":-0.18168790638446809,"w":0.002354439813643694},"size":0.49497491121292117,"orthographic":false}